{"cameraMode":{"drawMode":0,"name":"Shaded","section":"Shading Mode"},"sceneLighting":false,"audioPlay":false,"sceneViewState":{"m_AlwaysRefresh":false,"showFog":true,"showSkybox":false,"showFlares":true,"showImageEffects":true,"showParticleSystems":true,"showVisualEffectGraphs":true,"m_FxEnabled":true},"in2DMode":false,"pivot":{"x":-0.07410115003585816,"y":7.659430503845215,"z":-0.2236901819705963},"rotation":{"x":-0.036214426159858707,"y":-0.9581363797187805,"z":0.24700282514095307,"w":-0.1403387188911438},"size":0.406108558177948,"orthographic":false}